Rank,Name,Minimum Net Worth,Average,Maximum Net Worth,Chamber
1,Mark Warner (D-Va),80129151.00,214092575.00,348056000.00,Senate
2,Greg Gianforte (R-Mont),189334335.00,189334335.00,189334335.00,House
3,Paul Mitchell (R-Mich),75420142.00,179610071.00,283800000.00,House
4,Vernon Buchanan (R-Fla),32310120.00,157169056.00,282027993.00,House
5,Chris Collins (R-NY),80834052.00,154497026.00,228160000.00,House
6,Don Beyer (D-Va),10881046.00,124901516.00,238921986.00,House
7,Nancy Pelosi (D-Calif),-12825949.00,114662521.00,242150991.00,House
8,Dianne Feinstein (D-Calif),55027069.00,87938540.00,120850011.00,Senate
9,Suzan DelBene (D-Wash),33667084.00,79361042.00,125055000.00,House
10,Fred Upton (R-Mich),32541229.00,78965614.00,125390000.00,House
11,Roger Williams (R-Texas),44597061.00,66980026.00,89362992.00,House
12,Kevin Hern (R-Okla),34505238.00,60979615.00,87453992.00,House
13,Scott Peters (D-Calif),42982085.00,60456054.00,77930023.00,House
14,Richard W Allen (R-Ga),16905053.00,52127525.00,87349998.00,House
15,John Hoeven (R-ND),19263138.00,46689569.00,74116000.00,Senate
16,Joe Kennedy III (D-Mass),21823213.00,46546606.00,71270000.00,House
17,Ralph Norman (R-SC),5517147.00,43398070.00,81278994.00,House
18,Johnny Isakson (R-Ga),16510042.00,43006021.00,69502000.00,Senate
19,James E Risch (R-Idaho),15174053.00,41807024.00,68439996.00,Senate
20,Ron Johnson (R-Wis),14101014.00,39233507.00,64366000.00,Senate
21,Mitch McConnell (R-Ky),13445069.00,34137534.00,54830000.00,Senate
22,Kenny Marchant (R-Texas),12960026.00,33738015.00,54516004.00,House
23,Buddy Carter (R-Ga),13829062.00,33232031.00,52635000.00,House
24,Steven Daines (R-Mont),13442084.00,32863042.00,52284000.00,Senate
25,Lloyd Doggett (D-Texas),14295056.00,29723027.00,45150999.00,House
26,Brad Schneider (D-Ill),16143165.00,27159082.00,38175000.00,House
27,Lamar Alexander (R-Tenn),-9491902.00,25919044.00,61329991.00,Senate
28,David Perdue (R-Ga),10195194.00,25822596.00,41449999.00,Senate
29,Nita M Lowey (D-NY),9480019.00,24765009.00,40050000.00,House
30,Jim Sensenbrenner (R-Wis),15921438.00,21750911.00,27580385.00,House
31,Phil Roe (R-Tenn),19761620.00,20218616.00,20675613.00,House
32,Richard C Shelby (R-Ala),7590027.00,19145013.00,30700000.00,Senate
33,John A Yarmuth (D-Ky),5439096.00,17075547.00,28711999.00,House
34,Jim Cooper (D-Tenn),7654050.00,16269525.00,24885000.00,House
35,Michael Bennet (D-Colo),6277029.00,15706014.00,25135000.00,Senate
36,Liz Cheney (R-Wyo),5671028.00,14710513.00,23749999.00,House
37,Tom Rice (R-SC),5629020.00,14569510.00,23510000.00,House
38,Bill Foster (D-Ill),7246036.00,14130518.00,21015000.00,House
39,Dan Newhouse (R-Wash),894040.00,13777019.00,26659998.00,House
40,Carolyn B Maloney (D-NY),5128059.00,12999029.00,20869999.00,House
41,Earl Blumenauer (D-Ore),4695086.00,12561042.00,20426998.00,House
42,Mike Kelly (R-Pa),2493113.00,12419056.00,22344999.00,House
43,Mike Conaway (R-Texas),6302179.00,12417089.00,18532000.00,House
44,Ralph Abraham (R-La),4890050.00,12370524.00,19850999.00,House
45,Markwayne Mullin (R-Okla),4012026.00,11384012.00,18755999.00,House
46,Ann L Wagner (R-Mo),6655131.00,11055565.00,15456000.00,House
47,Jackie Speier (D-Calif),5980059.00,11028529.00,16077000.00,House
48,Thom Tillis (R-NC),4002094.00,10966045.00,17929996.00,Senate
49,Rob Portman (R-Ohio),5725090.00,10827545.00,15930000.00,Senate
50,Lisa Blunt Rochester (D-Del),5549092.00,10692546.00,15836000.00,House
51,Anna Eshoo (D-Calif),4806022.00,10298011.00,15790000.00,House
52,Chris Coons (D-Del),6678074.00,10126038.00,13574003.00,Senate
53,Chellie Pingree (D-Maine),3586013.00,9938006.00,16290000.00,House
54,Neal Dunn (R-Fla),4874067.00,9529533.00,14184999.00,House
55,Angus King (I-Maine),3477125.00,9494061.00,15510998.00,Senate
56,Vicky Hartzler (R-Mo),3165029.00,9395012.00,15624995.00,House
57,Josh Gottheimer (D-NJ),3442330.00,8935664.00,14428999.00,House
58,Al Lawson (D-Fla),4956123.00,8673061.00,12390000.00,House
59,Debbie Dingell (D-Mich),4820144.00,8486072.00,12152000.00,House
60,Brad Sherman (D-Calif),3400032.00,8427016.00,13454000.00,House
61,John A Barrasso (R-Wyo),3533013.00,8339006.00,13145000.00,Senate
62,Ken Calvert (R-Calif),-4349984.00,8000004.00,20349992.00,House
63,Elizabeth Warren (D-Mass),4880024.00,7977513.00,11075002.00,Senate
64,Kurt Schrader (D-Ore),3443148.00,7907573.00,12371999.00,House
65,John Curtis (R-Utah),-1870893.00,7860050.00,17590994.00,House
66,Brett Guthrie (R-Ky),3025020.00,7663010.00,12301000.00,House
67,Joe Manchin (D-WVa),3473070.00,7623534.00,11773999.00,Senate
68,Chuck Grassley (R-Iowa),4240150.00,7550075.00,10860000.00,Senate
69,Sheldon Whitehouse (D-RI),3064259.00,7443628.00,11822998.00,Senate
70,Richard Burr (R-NC),3426214.00,7426213.00,11426212.00,Senate
71,Ami Bera (D-Calif),3454067.00,7420029.00,11385992.00,House
72,Dennis Heck (D-Wash),4437069.00,7301034.00,10164999.00,House
73,Roger Marshall (R-Kan),2857100.00,7264049.00,11670998.00,House
74,Jim Himes (D-Conn),3563044.00,7262522.00,10962000.00,House
75,Joyce Beatty (D-Ohio),2655029.00,7216014.00,11777000.00,House
76,Judy Chu (D-Calif),4383063.00,7090031.00,9797000.00,House
77,French Hill (R-Ark),3224069.00,7035033.00,10845998.00,House
78,Suzanne Bonamici (D-Ore),3491033.00,6978016.00,10465000.00,House
79,Ron Wyden (D-Ore),5370048.00,6877025.00,8384003.00,Senate
80,Katherine Clark (D-Mass),2677119.00,6804059.00,10930999.00,House
81,John Lee Ratcliffe (R-Texas),2465006.00,6757503.00,11050000.00,House
82,David McKinley (R-WVa),3839113.00,6739056.00,9639000.00,House
83,Scott Tipton (R-Colo),2978071.00,6574035.00,10170000.00,House
84,Ted Budd (R-NC),2798071.00,6400534.00,10002998.00,House
85,Robert B Aderholt (R-Ala),2676022.00,6370510.00,10064999.00,House
86,Kathy Castor (D-Fla),3001037.00,6296518.00,9592000.00,House
87,Tom O'Halleran (D-Ariz),2136011.00,6288005.00,10440000.00,House
88,Steve Cohen (D-Tenn),3448116.00,6198058.00,8948000.00,House
89,Chuck Fleischmann (R-Tenn),3340555.00,5958051.00,8575548.00,House
90,Lou Correa (D-Calif),3794043.00,5940521.00,8087000.00,House
91,Brad Wenstrup (R-Ohio),2077066.00,5917032.00,9756999.00,House
92,Bill Pascrell Jr. (D-NJ),2635041.00,5757020.00,8879000.00,House
93,Maria Cantwell (D-Wash),1094022.00,5756508.00,10418994.00,Senate
94,Tom Carper (D-Del),2833192.00,5726595.00,8619999.00,Senate
95,Roy Blunt (R-Mo),2599022.00,5704510.00,8809999.00,Senate
96,Mike Thompson (D-Calif),3434046.00,5672022.00,7909999.00,House
97,Pete Olson (R-Texas),2605038.00,5665019.00,8725000.00,House
98,Peter Welch (D-Vt),3013128.00,5567564.00,8122000.00,House
99,Al Green (D-Texas),2467014.00,5373507.00,8280000.00,House
100,James Comer (R-Ky),1920024.00,5285011.00,8649998.00,House
101,Tom Cole (R-Okla),3186060.00,5251030.00,7316000.00,House
102,Doug Jones (D-Ala),2226130.00,5209563.00,8192997.00,Senate
103,Robert E Latta (R-Ohio),3147063.00,5188531.00,7230000.00,House
104,John Garamendi (D-Calif),2356016.00,5168508.00,7981000.00,House
105,James M Inhofe (R-Okla),2368012.00,5157006.00,7946000.00,Senate
106,Stephanie Murphy (D-Fla),2888035.00,4985016.00,7081998.00,House
107,Mary Gay Scanlon (D-Pa),2770069.00,4924533.00,7078998.00,House
108,Jim Costa (D-Calif),1894028.00,4902513.00,7910999.00,House
109,George Holding (R-NC),1938024.00,4876510.00,7814997.00,House
110,Catherine Cortez Masto (D-Nev),2350042.00,4601020.00,6851998.00,Senate
111,Mike Rounds (R-SD),-1442935.00,4532031.00,10506998.00,Senate
112,Andy Biggs (R-Ariz),1953009.00,4512004.00,7070999.00,House
113,Blake Farenthold (R-Texas),3410600.00,4405582.00,5400564.00,House
114,Gary Peters (D-Mich),1750211.00,4368105.00,6985999.00,Senate
115,Justin Amash (R-Mich),1202037.00,4366518.00,7530999.00,House
116,Mazie K Hirono (D-Hawaii),2661039.00,4339019.00,6017000.00,Senate
117,Daniel Lipinski (D-Ill),2557054.00,4256027.00,5955000.00,House
118,Collin Peterson (D-Minn),1816008.00,4241504.00,6667000.00,House
119,Cindy Hyde-Smith (R-Miss),1921089.00,4175541.00,6429994.00,Senate
120,Jamie Raskin (D-Md),2314073.00,4162036.00,6010000.00,House
121,Susan Collins (R-Maine),2255087.00,4124043.00,5993000.00,Senate
122,Zoe Lofgren (D-Calif),2143093.00,3844546.00,5546000.00,House
123,Jeanne Shaheen (D-NH),-344974.00,3823005.00,7990984.00,Senate
124,Blaine Luetkemeyer (R-Mo),1466006.00,3765503.00,6065000.00,House
125,Jon Tester (D-Mont),1284008.00,3672003.00,6059999.00,Senate
126,Virginia Foxx (R-NC),2240032.00,3670516.00,5101000.00,House
127,David Price (D-NC),1910084.00,3568042.00,5226000.00,House
128,Ted Lieu (D-Calif),1049040.00,3533519.00,6017999.00,House
129,Kamala Harris (D-Calif),1592053.00,3499026.00,5405999.00,Senate
130,Doug LaMalfa (R-Calif),1281008.00,3498504.00,5716000.00,House
131,Bill Flores (R-Texas),3490195.00,3490195.00,3490195.00,House
132,Maggie Hassan (D-NH),1478086.00,3467042.00,5455998.00,Senate
133,Susan Brooks (R-Ind),2412037.00,3428519.00,4445001.00,House
134,David P Joyce (R-Ohio),1905063.00,3415031.00,4925000.00,House
135,Frank Pallone Jr. (D-NJ),1768105.00,3413551.00,5058998.00,House
136,John Carter (R-Texas),1067008.00,3373503.00,5679999.00,House
137,Matt Cartwright (D-Pa),3305306.00,3305306.00,3305306.00,House
138,Andy Harris (R-Md),1918038.00,3244519.00,4571000.00,House
139,Ted Cruz (R-Texas),-9027848.00,3198068.00,15423985.00,Senate
140,Ben Cardin (D-Md),1602092.00,3112546.00,4623000.00,Senate
141,Diana DeGette (D-Colo),1680051.00,3095025.00,4509999.00,House
142,Ted Yoho (R-Fla),2015944.00,3089937.00,4163931.00,House
143,David Kustoff (R-Tenn),1590084.00,3048541.00,4506999.00,House
144,Alan Lowenthal (D-Calif),1301143.00,3015071.00,4729000.00,House
145,Pat Roberts (R-Kan),1680030.00,2966514.00,4252999.00,Senate
146,Bob Gibbs (R-Ohio),1587064.00,2947531.00,4307999.00,House
147,Bill Keating (D-Mass),1708042.00,2940021.00,4172000.00,House
148,Tom Suozzi (D-NY),1657067.00,2932533.00,4208000.00,House
149,Susan Davis (D-Calif),1674042.00,2817021.00,3960000.00,House
150,Thomas Massie (R-Ky),703004.00,2816501.00,4929998.00,House
151,Lloyd Smucker (R-Pa),435010.00,2810002.00,5184995.00,House
152,Ben Sasse (R-Neb),281015.00,2788007.00,5294999.00,Senate
153,Billy Long (R-Mo),1152045.00,2783022.00,4413999.00,House
154,Deb Fischer (R-Neb),122012.00,2776005.00,5429998.00,Senate
155,Ann Kuster (D-NH),2145625.00,2762620.00,3379616.00,House
156,Don Norcross (D-NJ),1446068.00,2744534.00,4043000.00,House
157,James P McGovern (D-Mass),381005.00,2698001.00,5014998.00,House
158,Gerry Connolly (D-Va),1405047.00,2650022.00,3894997.00,House
159,Jeff Merkley (D-Ore),980019.00,2603008.00,4225998.00,Senate
160,Lois J Frankel (D-Fla),939176.00,2588088.00,4237000.00,House
161,Greg Walden (R-Ore),1556033.00,2574016.00,3592000.00,House
162,Rosa L DeLauro (D-Conn),131007.00,2541002.00,4950997.00,House
163,David Scott (D-Ga),151004.00,2508001.00,4864998.00,House
164,Nanette Barragan (D-Calif),21016.00,2435507.00,4849998.00,House
165,Austin Scott (R-Ga),1155044.00,2397020.00,3638997.00,House
166,Dan Sullivan (R-Alaska),986042.00,2372519.00,3758997.00,Senate
167,Michael Burgess (R-Texas),1326054.00,2328027.00,3330000.00,House
168,Brian Babin (R-Texas),1034102.00,2287551.00,3541000.00,House
169,Shelley Moore Capito (R-WVa),-224830.00,2149080.00,4522991.00,Senate
170,Mike Enzi (R-Wyo),1042056.00,2137028.00,3232000.00,Senate
171,Eleanor Holmes Norton (D-DC),1162038.00,2084019.00,3006000.00,House
172,Pat Toomey (R-Pa),721060.00,2038029.00,3354998.00,Senate
173,Tom Udall (D-NM),635032.00,1985515.00,3335998.00,Senate
174,Martha Roby (R-Ala),1058047.00,1948523.00,2839000.00,House
175,Mike Simpson (R-Idaho),1023041.00,1944519.00,2865998.00,House
176,Gary Palmer (R-Ala),796088.00,1918044.00,3040000.00,House
177,Cathy McMorris Rodgers (R-Wash),985027.00,1892513.00,2799999.00,House
178,John Cornyn (R-Texas),1074046.00,1884522.00,2694999.00,Senate
179,Dutch Ruppersberger (D-Md),1131021.00,1860510.00,2590000.00,House
180,Ron Kind (D-Wis),1145018.00,1835009.00,2525000.00,House
181,Pete Visclosky (D-Ind),964037.00,1775018.00,2586000.00,House
182,Jerry Moran (R-Kan),749079.00,1759539.00,2769999.00,Senate
183,Susan Wild (D-Pa),839032.00,1746015.00,2652999.00,House
184,Larry Bucshon (R-Ind),960040.00,1744520.00,2529000.00,House
185,John Rutherford (R-Fla),712109.00,1712054.00,2712000.00,House
186,Tina Smith (D-Minn),-3638944.00,1696020.00,7030984.00,Senate
187,Patty Murray (D-Wash),839022.00,1687010.00,2534999.00,Senate
188,Rob Wittman (R-Va),-256872.00,1645563.00,3547998.00,House
189,Mike D Rogers (R-Ala),152026.00,1601011.00,3049996.00,House
190,Juan Vargas (D-Calif),17009.00,1591002.00,3164995.00,House
191,Raja Krishnamoorthi (D-Ill),482030.00,1581013.00,2679997.00,House
192,Julia Brownley (D-Calif),207036.00,1569516.00,2931997.00,House
193,Frederica Wilson (D-Fla),960011.00,1555005.00,2150000.00,House
194,David Cicilline (D-RI),1017006.00,1548503.00,2080000.00,House
195,Peter DeFazio (D-Ore),910020.00,1519010.00,2128000.00,House
196,Stephen F Lynch (D-Mass),807018.00,1519008.00,2230999.00,House
197,Lisa Murkowski (R-Alaska),817024.00,1499011.00,2180999.00,Senate
198,Bill Huizenga (R-Mich),926022.00,1498511.00,2071000.00,House
199,Jared Huffman (D-Calif),811045.00,1478522.00,2146000.00,House
200,Charlie Crist (D-Fla),902011.00,1442005.00,1982000.00,House
201,Adam Schiff (D-Calif),796024.00,1436011.00,2075999.00,House
202,Bobby Scott (D-Va),566071.00,1422035.00,2277999.00,House
203,Elijah E Cummings (D-Md),636005.00,1420501.00,2204998.00,House
204,Pat Tiberi (R-Ohio),687041.00,1399520.00,2111999.00,House
205,Dwight Evans (D-Pa),489051.00,1354524.00,2219998.00,House
206,Frank D Lucas (R-Okla),485013.00,1352504.00,2219995.00,House
207,Debbie Lesko (R-Ariz),767030.00,1348515.00,1930000.00,House
208,Doris Matsui (D-Calif),763014.00,1279007.00,1795000.00,House
209,Don Young (R-Alaska),782009.00,1256004.00,1730000.00,House
210,Donald McEachin (D-Va),733012.00,1232505.00,1731999.00,House
211,Bradley Byrne (R-Ala),700037.00,1230518.00,1761000.00,House
212,Jeff Duncan (R-SC),593015.00,1222005.00,1850996.00,House
213,Drew Ferguson (R-Ga),684026.00,1197513.00,1711000.00,House
214,Mo Brooks (R-Ala),527059.00,1191529.00,1856000.00,House
215,Jodey Arrington (R-Texas),616031.00,1190515.00,1765000.00,House
216,Steve Stivers (R-Ohio),591041.00,1181020.00,1771000.00,House
217,Brenda Lawrence (D-Mich),621021.00,1173010.00,1724999.00,House
218,Sean Patrick Maloney (D-NY),754006.00,1157003.00,1560000.00,House
219,Mike Doyle (D-Pa),531039.00,1153019.00,1774999.00,House
220,Tammy Baldwin (D-Wis),434008.00,1147003.00,1859998.00,Senate
221,Charles E Schumer (D-NY),370043.00,1122521.00,1874999.00,Senate
222,Glenn S Grothman (R-Wis),635015.00,1105007.00,1575000.00,House
223,Vicente Gonzalez (D-Texas),1090921.00,1090921.00,1090921.00,House
224,Paul Cook (R-Calif),629016.00,1070508.00,1512000.00,House
225,Ron Estes (R-Kan),489047.00,1055023.00,1621000.00,House
226,Ken Buck (R-Colo),416027.00,1053013.00,1689999.00,House
227,Paul Gosar (R-Ariz),650002.00,1050000.00,1449999.00,House
228,John Bergman (R-Mich),647010.00,1014005.00,1381000.00,House
229,Clarence Thomas,575009.00,1000004.00,1425000.00,Judicial
230,Joe Courtney (D-Conn),442045.00,987022.00,1532000.00,House
231,Lindsey Graham (R-SC),258046.00,969022.00,1679999.00,Senate
232,Cheri Bustos (D-Ill),532020.00,956010.00,1380000.00,House
233,Steve Chabot (R-Ohio),510027.00,955513.00,1401000.00,House
234,Bill Johnson (R-Ohio),417037.00,948518.00,1480000.00,House
235,Mike Crapo (R-Idaho),204044.00,944521.00,1684999.00,Senate
236,Evan Jenkins (R-WVa),399046.00,920023.00,1441000.00,House
237,Grace Napolitano (D-Calif),36012.00,913004.00,1789996.00,House
238,Steven Palazzo (R-Miss),172006.00,908501.00,1644997.00,House
239,Ted Deutch (D-Fla),357050.00,907525.00,1458000.00,House
240,Bennie G Thompson (D-Miss),469023.00,889511.00,1310000.00,House
241,Scott Perry (R-Pa),355019.00,877508.00,1399998.00,House
242,Mike Gallagher (R-Wis),466016.00,853007.00,1239999.00,House
243,Don Bacon (R-Neb),494013.00,852006.00,1210000.00,House
244,Cory Gardner (R-Colo),326038.00,850518.00,1374999.00,Senate
245,Hakeem Jeffries (D-NY),452024.00,841012.00,1230000.00,House
246,Val Demings (D-Fla),468008.00,824003.00,1179999.00,House
247,Daniel Webster (R-Fla),483008.00,814004.00,1145000.00,House
248,Tim Kaine (D-Va),409018.00,811008.00,1212999.00,Senate
249,Cory Booker (D-NJ),515006.00,807503.00,1100000.00,Senate
250,Bill Posey (R-Fla),432010.00,807004.00,1181999.00,House
251,John Shimkus (R-Ill),251007.00,803003.00,1354999.00,House
252,Maxine Waters (D-Calif),-3579987.00,793006.00,5165999.00,House
253,Rand Paul (R-Ky),170041.00,773520.00,1376999.00,Senate
254,Marcia L Fudge (D-Ohio),256011.00,773004.00,1289998.00,House
255,Kevin Brady (R-Texas),405026.00,766513.00,1128000.00,House
256,Patrick McHenry (R-NC),393015.00,765007.00,1137000.00,House
257,Jan Schakowsky (D-Ill),258036.00,749017.00,1239998.00,House
258,Nydia M Velazquez (D-NY),485001.00,737500.00,990000.00,House
259,Seth Moulton (D-Mass),180069.00,728534.00,1277000.00,House
260,G K Butterfield (D-NC),-255981.00,727007.00,1709995.00,House
261,Grace Meng (D-NY),139047.00,708522.00,1277998.00,House
262,David Rouzer (R-NC),369023.00,703011.00,1037000.00,House
263,Tammy Duckworth (D-Ill),139063.00,697531.00,1255999.00,Senate
264,Rick Larsen (D-Wash),372019.00,676509.00,981000.00,House
265,Randy Weber (R-Texas),250008.00,676003.00,1101999.00,House
266,Mark Meadows (R-NC),66022.00,666010.00,1265999.00,House
267,Bonnie Coleman (D-NJ),350002.00,642500.00,934998.00,House
268,Darren Soto (D-Fla),-17990.00,641002.00,1299995.00,House
269,David Schweikert (R-Ariz),286011.00,618004.00,949998.00,House
270,Eddie Bernice Johnson (D-Texas),266003.00,615501.00,964999.00,House
271,Bob Casey (D-Pa),142020.00,609007.00,1075995.00,Senate
272,Henry Cuellar (D-Texas),19018.00,602008.00,1184999.00,House
273,Derek Kilmer (D-Wash),180043.00,596521.00,1012999.00,House
274,Mac Thornberry (R-Texas),104006.00,582002.00,1059999.00,House
275,Robert Menendez (D-NJ),303005.00,541502.00,779999.00,Senate
276,Adrian Smith (R-Neb),256016.00,535508.00,815000.00,House
277,Pete King (R-NY),350003.00,525001.00,700000.00,House
278,Dan Kildee (D-Mich),295006.00,522503.00,750000.00,House
279,John Sarbanes (D-Md),298010.00,521505.00,745000.00,House
280,Bernie Sanders (I-Vt),-27973.00,513513.00,1054999.00,Senate
281,Bruce Westerman (R-Ark),214025.00,512012.00,810000.00,House
282,Linda Sanchez (D-Calif),-73979.00,508508.00,1090996.00,House
283,Charlie Dent (R-Pa),210032.00,507016.00,804000.00,House
284,David Loebsack (D-Iowa),258013.00,502006.00,746000.00,House
285,Tom Cotton (R-Ark),229017.00,498008.00,767000.00,Senate
286,Tom Graves (R-Ga),38027.00,491512.00,944998.00,House
287,Raul Ruiz (D-Calif),217005.00,491001.00,764998.00,House
288,Michael R Turner (R-Ohio),183029.00,489514.00,796000.00,House
289,Ruben Gallego (D-Ariz),189013.00,479505.00,769998.00,House
290,Sam Graves (R-Mo),-4339490.00,473002.00,5285494.00,House
291,John B Larson (D-Conn),91050.00,466025.00,841000.00,House
292,Warren Davidson (R-Ohio),-4003989.00,457004.00,4917998.00,House
293,Hal Rogers (R-Ky),322330.00,446327.00,570324.00,House
294,Ed Perlmutter (D-Colo),117043.00,437521.00,758000.00,House
295,Andy Barr (R-Ky),224013.00,429506.00,635000.00,House
296,Danny K Davis (D-Ill),266009.00,418504.00,571000.00,House
297,Karen Bass (D-Calif),266003.00,415501.00,565000.00,House
298,Mike Lee (R-Utah),208010.00,414005.00,620000.00,Senate
299,Adam Kinzinger (R-Ill),161007.00,413003.00,664999.00,House
300,John Moolenaar (R-Mich),103042.00,412521.00,722000.00,House
301,Alma Adams (D-NC),265002.00,407501.00,550000.00,House
302,Garret Graves (R-La),156027.00,400013.00,644000.00,House
303,Tom Reed (R-NY),182006.00,398502.00,614999.00,House
304,Douglas L Lamborn (R-Colo),114016.00,397007.00,679998.00,House
305,Jim Banks (R-Ind),168022.00,395011.00,622000.00,House
306,Adam Smith (D-Wash),220012.00,393006.00,566000.00,House
307,Mark Pocan (D-Wis),200002.00,385000.00,569998.00,House
308,Chris Stewart (R-Utah),251002.00,383001.00,515000.00,House
309,Jackie Walorski (R-Ind),143025.00,382012.00,621000.00,House
310,Brian Mast (R-Fla),169713.00,370702.00,571692.00,House
311,Mark Amodei (R-Nev),102005.00,366002.00,629999.00,House
312,Steve Womack (R-Ark),205008.00,365004.00,525000.00,House
313,Rodney Davis (R-Ill),140021.00,357510.00,575000.00,House
314,Lucille Roybal-Allard (D-Calif),-825992.00,357002.00,1539996.00,House
315,Darin LaHood (R-Ill),108029.00,341514.00,575000.00,House
316,Glenn Thompson (R-Pa),172010.00,338505.00,505000.00,House
317,Joe Wilson (R-SC),-564992.00,337501.00,1239994.00,House
318,William L Clay Jr. (D-Mo),-7984.00,336007.00,679999.00,House
319,Morgan Griffith (R-Va),1006.00,333001.00,664997.00,House
320,Terri A Sewell (D-Ala),145013.00,330006.00,515000.00,House
321,Matt Gaetz (R-Fla),104013.00,312006.00,519999.00,House
322,John Thune (R-SD),51025.00,310512.00,569999.00,Senate
323,Martin Heinrich (D-NM),-361964.00,309017.00,979998.00,Senate
324,Kirsten Gillibrand (D-NY),162008.00,296004.00,430000.00,Senate
325,Steven A. King (R-Iowa),140014.00,295007.00,450000.00,House
326,Brendan Boyle (D-Pa),-169994.00,295001.00,759996.00,House
327,Jim Jordan (R-Ohio),147007.00,289003.00,431000.00,House
328,Joseph D Morelle (D-NY),98024.00,285512.00,473000.00,House
329,Tim Walberg (R-Mich),101017.00,283008.00,465000.00,House
330,Elise Stefanik (R-NY),-71983.00,282007.00,635998.00,House
331,Ben Ray Lujan (D-NM),153005.00,274002.00,395000.00,House
332,Debbie Wasserman Schultz (D-Fla),-240956.00,270521.00,781998.00,House
333,Jimmy Gomez (D-Calif),75013.00,267506.00,459999.00,House
334,Mike Bost (R-Ill),-37990.00,264004.00,565998.00,House
335,Jimmy Panetta (D-Calif),30036.00,263517.00,496999.00,House
336,Sherrod Brown (D-Ohio),-163988.00,263005.00,689998.00,Senate
337,Barbara Lee (D-Calif),154008.00,257504.00,361000.00,House
338,Raul M Grijalva (D-Ariz),70021.00,235010.00,400000.00,House
339,Robin Kelly (D-Ill),132006.00,231003.00,330000.00,House
340,Rob Woodall (R-Ga),106007.00,223003.00,340000.00,House
341,Kevin McCarthy (R-Calif),81006.00,223002.00,364999.00,House
342,Devin Nunes (R-Calif),131005.00,223002.00,315000.00,House
343,Mark Takano (D-Calif),116005.00,216502.00,317000.00,House
344,Pramila Jayapal (D-Wash),-816963.00,214017.00,1244998.00,House
345,Chris Smith (R-NJ),212012.00,212012.00,212012.00,House
346,Michael Cloud (R-Texas),89012.00,212006.00,335000.00,House
347,Yvette D Clarke (D-NY),115002.00,207501.00,300000.00,House
348,Mark Desaulnier (D-Calif),103004.00,199002.00,295000.00,House
349,Patrick Meehan (R-Pa),55015.00,198007.00,341000.00,House
350,Gregorio Sablan,98007.00,196503.00,295000.00,House
351,Amata Coleman Radewagen (R-AS),46018.00,193009.00,340000.00,House
352,James E Clyburn (D-SC),97008.00,189504.00,282000.00,House
353,Anthony Brown (D-Md),97006.00,188503.00,280000.00,House
354,Jerry McNerney (D-Calif),101003.00,183501.00,266000.00,House
355,Richard E Neal (D-Mass),77010.00,180005.00,283000.00,House
356,Kay Granger (R-Texas),-184995.00,157502.00,499999.00,House
357,Marcy Kaptur (D-Ohio),-110985.00,155006.00,420998.00,House
358,Sanford Bishop (D-Ga),87004.00,153502.00,220000.00,House
359,Scott Desjarlais (R-Tenn),-118987.00,153005.00,424998.00,House
360,Alex Mooney (R-WVa),39011.00,137005.00,235000.00,House
361,Richard Hudson (R-NC),14017.00,133008.00,252000.00,House
362,Jerrold Nadler (D-NY),32006.00,121003.00,210000.00,House
363,Pete Aguilar (D-Calif),34008.00,117504.00,201000.00,House
364,James Lankford (R-Okla),-159980.00,116509.00,392999.00,Senate
365,Donald M Payne Jr. (D-NJ),66005.00,116502.00,167000.00,House
366,Jack Reed (D-RI),-561945.00,107026.00,775998.00,Senate
367,Jody Hice (R-Ga),32005.00,101002.00,170000.00,House
368,Conor Lamb (D-Pa),1.00,100000.00,199999.00,House
369,Jeff Fortenberry (R-Neb),-4150991.00,97003.00,4344997.00,House
370,Gus Bilirakis (R-Fla),-273965.00,96016.00,465998.00,House
371,Mario Diaz-Balart (R-Fla),21009.00,81504.00,142000.00,House
372,Albio Sires (D-NJ),32004.00,81002.00,130000.00,House
373,Salud Carbajal (D-Calif),-37994.00,81002.00,199998.00,House
374,Steny H Hoyer (D-Md),50003.00,76001.00,102000.00,House
375,Jose E Serrano (D-NY),50001.00,75000.00,100000.00,House
376,Will Hurd (R-Texas),9009.00,72004.00,135000.00,House
377,Kathleen Rice (D-NY),-15994.00,64502.00,144999.00,House
378,Brian M Higgins (D-NY),8008.00,64004.00,120000.00,House
379,Mike Quigley (D-Ill),35001.00,62500.00,90000.00,House
380,Ron DeSantis (R-Fla),-11996.00,54001.00,119999.00,House
381,Troy Balderson (R-Ohio),17003.00,48501.00,80000.00,House
382,Steve Scalise (R-La),1.00,42500.00,84999.00,House
383,Norma Torres (D-Calif),-233995.00,41502.00,316999.00,House
384,Barry Loudermilk (R-Ga),16002.00,40501.00,65000.00,House
385,Rob Bishop (R-Utah),16002.00,40501.00,65000.00,House
386,Tom McClintock (R-Calif),16002.00,40501.00,65000.00,House
387,Sean P Duffy (R-Wis),-290990.00,39504.00,369998.00,House
388,Tulsi Gabbard (D-Hawaii),-508992.00,36003.00,580999.00,House
389,Tom Emmer (R-Minn),-134998.00,32500.00,199999.00,House
390,Louis B Gohmert Jr. (R-Texas),15001.00,32500.00,50000.00,House
391,Debbie Stabenow (D-Mich),15001.00,32500.00,50000.00,Senate
392,Betty McCollum (D-Minn),4004.00,32002.00,60000.00,House
393,John Lewis (D-Ga),1005.00,10002.00,19000.00,House
394,Paul Tonko (D-NY),1001.00,8000.00,15000.00,House
395,Jaime Herrera Beutler (R-Wash),1001.00,8000.00,15000.00,House
396,Adriano Espaillat (D-NY),1001.00,8000.00,15000.00,House
397,Clay Higgins (R-La),0.00,0.00,0.00,House
398,Rick Crawford (R-Ark),0.00,0.00,0.00,House
399,Gwen Moore (D-Wis),0.00,0.00,0.00,House
400,Amy Klobuchar (D-Minn),0.00,0.00,0.00,Senate
401,Lee Zeldin (R-NY),0.00,0.00,0.00,House
402,Gregory W Meeks (D-NY),0.00,0.00,0.00,House
403,Tim Ryan (D-Ohio),-164991.00,-1997.00,160997.00,House
404,Jason Smith (R-Mo),-1786970.00,-5490.00,1775990.00,House
405,Duncan D. Hunter (R-Calif),-15000.00,-12500.00,-10000.00,House
406,Andre Carson (D-Ind),-48999.00,-24500.00,-1.00,House
407,Eliot L Engel (D-NY),-182995.00,-31498.00,119999.00,House
408,Mike Johnson (R-La),-50000.00,-32500.00,-15001.00,House
409,Eric Swalwell (D-Calif),-113998.00,-37000.00,39998.00,House
410,Tony Cardenas (D-Calif),-299991.00,-47499.00,204992.00,House
411,John Katko (R-NY),-98999.00,-67000.00,-35001.00,House
412,Jenniffer Gonzalez (3-PR),-100000.00,-75000.00,-50001.00,House
413,Marc Veasey (D-Texas),-194993.00,-79498.00,35997.00,House
414,Patrick Leahy (D-Vt),-330992.00,-85496.00,159999.00,Senate
415,Stacey Plaskett (D-VI),-115000.00,-87500.00,-60001.00,House
416,Hank Johnson (D-Ga),-219998.00,-109999.00,-1.00,House
417,Mark Walker (R-NC),-165000.00,-110001.00,-55003.00,House
418,Brian Fitzpatrick (R-Pa),-678998.00,-124500.00,429997.00,House
419,Trent Kelly (R-Miss),-200000.00,-140001.00,-80003.00,House
420,Christopher S Murphy (D-Conn),-1069978.00,-149991.00,769996.00,Senate
421,Roger Wicker (R-Miss),-788986.00,-180995.00,426995.00,Senate
422,Sheila Jackson Lee (D-Texas),-681993.00,-181001.00,319991.00,House
423,Joni Ernst (R-Iowa),-783966.00,-196984.00,389998.00,Senate
424,Doug Collins (R-Ga),-747988.00,-246494.00,254999.00,House
425,Brian Schatz (D-Hawaii),-1242983.00,-554493.00,133997.00,Senate
426,Tim Scott (R-SC),-1862988.00,-1053997.00,-245007.00,Senate
427,Jim Langevin (D-RI),-3812969.00,-1078494.00,1655980.00,House
428,Bill Cassidy (R-La),-3001937.00,-1115970.00,769996.00,Senate
429,Marco Rubio (R-Fla),-1896988.00,-1262995.00,-629002.00,Senate
430,Todd Young (R-Ind),-1995994.00,-1392999.00,-790005.00,Senate
431,Bobby L Rush (D-Ill),-4499999.00,-2250000.00,-1.00,House
432,Emanuel Cleaver (D-Mo),-4623988.00,-2266995.00,89998.00,House
433,Alcee L Hastings (D-Fla),-12097998.00,-7549002.00,-3000006.00,House